{
    "TRAPPIST-1 b": {
        "pareto_front": [
            {
                "objectives": {
                    "interior_score": 0.6708589123799081,
                    "surface_score": 1.3640890079988675
                },
                "variables": {
                    "alpha": 0.0009152263121539474,
                    "beta": 0.9969979200495149,
                    "delta": 0.00017118072266264492,
                    "gamma": 0.9640567168677834,
                    "C": 0.22906716951317033
                }
            },
            {
                "objectives": {
                    "interior_score": 0.7310423520674042,
                    "surface_score": 1.3702828400795581
                },
                "variables": {
                    "alpha": 0.08486490429458145,
                    "beta": 0.8005375891935554,
                    "delta": 0.01584640465635363,
                    "gamma": 0.9837939974273879,
                    "C": 0.22868575211495668
                }
            },
            {
                "objectives": {
                    "interior_score": 0.6797140632462401,
                    "surface_score": 1.3759826543039015
                },
                "variables": {
                    "alpha": 0.015000256756372935,
                    "beta": 0.9672845231578083,
                    "delta": 0.00332153572801406,
                    "gamma": 0.992150189644875,
                    "C": 0.27119190806084026
                }
            }
        ]
    },
    "TRAPPIST-1 c": {
        "pareto_front": [
            {
                "objectives": {
                    "interior_score": 1.094667946259787,
                    "surface_score": 1.1608963506707577
                },
                "variables": {
                    "alpha": 0.5685577412220408,
                    "beta": 0.365098499262395,
                    "delta": 0.6738381570592384,
                    "gamma": 0.31948622951295447,
                    "C": 1.1020011221689898
                }
            },
            {
                "objectives": {
                    "interior_score": 1.051943352572871,
                    "surface_score": 1.1983001993601632
                },
                "variables": {
                    "alpha": 0.6721766604813597,
                    "beta": 0.07307000957502144,
                    "delta": 0.1731082042393533,
                    "gamma": 0.8300371754126318,
                    "C": 0.23946124515382416
                }
            },
            {
                "objectives": {
                    "interior_score": 1.1053703622455266,
                    "surface_score": 1.1753547093077779
                },
                "variables": {
                    "alpha": 0.6540160318806177,
                    "beta": 0.39535137640527496,
                    "delta": 0.38313497515778694,
                    "gamma": 0.5842422733226431,
                    "C": 0.5447088341398061
                }
            },
            {
                "objectives": {
                    "interior_score": 1.0709326742180065,
                    "surface_score": 1.1303823840215153
                },
                "variables": {
                    "alpha": 0.8521461123992684,
                    "beta": 0.12022836116749554,
                    "delta": 0.21720519321416776,
                    "gamma": 0.4936301115072298,
                    "C": 0.2370048053687528
                }
            },
            {
                "objectives": {
                    "interior_score": 1.1275517627761742,
                    "surface_score": 1.26774991993046
                },
                "variables": {
                    "alpha": 0.3743204897555153,
                    "beta": 0.6257013300322862,
                    "delta": 0.5400579985164529,
                    "gamma": 0.8733629069408522,
                    "C": 1.3415220522152003
                }
            }
        ]
    },
    "TRAPPIST-1 d": {
        "pareto_front": [
            {
                "objectives": {
                    "interior_score": 0.8051940476901922,
                    "surface_score": 0.7627840496343873
                },
                "variables": {
                    "alpha": 0.7119834243006361,
                    "beta": 0.290285194885315,
                    "delta": 0.8688978633096984,
                    "gamma": 0.13489008059838709,
                    "C": 1.287261295493152
                }
            },
            {
                "objectives": {
                    "interior_score": 0.809800656009988,
                    "surface_score": 0.7601543564398289
                },
                "variables": {
                    "alpha": 0.6773496392299941,
                    "beta": 0.32205457983741925,
                    "delta": 0.8804332949012172,
                    "gamma": 0.14382194000159235,
                    "C": 1.371044083267674
                }
            },
            {
                "objectives": {
                    "interior_score": 0.8083449104143219,
                    "surface_score": 0.767121755147229
                },
                "variables": {
                    "alpha": 0.6964542550099396,
                    "beta": 0.2917396515780632,
                    "delta": 0.8516927259478382,
                    "gamma": 0.14781392105588173,
                    "C": 1.2899064282513448
                }
            },
            {
                "objectives": {
                    "interior_score": 0.8205039525143263,
                    "surface_score": 0.737374824701086
                },
                "variables": {
                    "alpha": 0.5928537249974868,
                    "beta": 0.4070355672953816,
                    "delta": 0.9684762377330751,
                    "gamma": 0.006612442980702562,
                    "C": 1.7230952354158984
                }
            }
        ]
    },
    "TRAPPIST-1 e": {
        "pareto_front": [
            {
                "objectives": {
                    "interior_score": 0.823776477127025,
                    "surface_score": 0.8935830370295135
                },
                "variables": {
                    "alpha": 0.040484553883910174,
                    "beta": 0.9598361463002787,
                    "delta": 0.08992580116665622,
                    "gamma": 0.9088810636777,
                    "C": 2.462094356786813
                }
            }
        ]
    },
    "TRAPPIST-1 f": {
        "pareto_front": [
            {
                "objectives": {
                    "interior_score": 0.636318994306301,
                    "surface_score": 0.8000852652628112
                },
                "variables": {
                    "alpha": 0.024970135458764114,
                    "beta": 0.8586173457326782,
                    "delta": 0.03336655007476379,
                    "gamma": 0.96615583854694,
                    "C": 1.7371357543824804
                }
            },
            {
                "objectives": {
                    "interior_score": 0.6398065918868708,
                    "surface_score": 0.7735653913082945
                },
                "variables": {
                    "alpha": 0.1554838158214834,
                    "beta": 0.8579595209171059,
                    "delta": 0.20308881868932863,
                    "gamma": 0.9474937167397733,
                    "C": 1.6980253726166132
                }
            },
            {
                "objectives": {
                    "interior_score": 0.6166535124190583,
                    "surface_score": 0.799881727678585
                },
                "variables": {
                    "alpha": 0.02743590933304867,
                    "beta": 0.9182978960622131,
                    "delta": 0.034224226626781734,
                    "gamma": 0.9664383573034617,