{
    "TRAPPIST-1 b": {
        "pareto_front": [
            {
                "objectives": {
                    "score": 0.6751838703911138
                },
                "variables": {
                    "rho": 0.6118253055878562,
                    "nu": 0.5824761391110735,
                    "e": 0.47628767635365066,
                    "t": 0.013011935946355522,
                    "v": 0.30612040760102266,
                    "d": 0.006833570868289769,
                    "r": 0.34445694193259174
                }
            }
        ]
    },
    "TRAPPIST-1 c": {
        "pareto_front": [
            {
                "objectives": {
                    "score": 1.1782581735796636
                },
                "variables": {
                    "rho": 0.42669033879326734,
                    "nu": 0.2818359366995781,
                    "e": 0.23267990086549356,
                    "t": 0.356242974878801,
                    "v": 0.14240694077546898,
                    "d": 0.2739679234020956,
                    "r": 0.43291129040940546
                }
            }
        ]
    },
    "TRAPPIST-1 d": {
        "pareto_front": [
            {
                "objectives": {
                    "score": 1.2464525704152718
                },
                "variables": {
                    "rho": 0.45258760232387046,
                    "nu": 0.5582282911656249,
                    "e": 0.0345715299808491,
                    "t": 0.5330515361897796,
                    "v": 0.2827144527954129,
                    "d": 0.03866364702300459,
                    "r": 0.4579332345813285
                }
            }
        ]
    },
    "TRAPPIST-1 e": {
        "pareto_front": [
            {
                "objectives": {
                    "score": 0.7513256034906539
                },
                "variables": {
                    "rho": 0.6108303763333812,
                    "nu": 0.4573785202902794,
                    "e": 0.15322319956747013,
                    "t": 0.19253204163987356,
                    "v": 0.1654300566134433,
                    "d": 0.04230859463393377,
                    "r": 0.35315533500583507
                }
            }
        ]
    },
    "TRAPPIST-1 f": {
        "pareto_front": [
            {
                "objectives": {
                    "score": 1.251887231466079
                },
                "variables": {
                    "rho": 0.4378027160298652,
                    "nu": 0.45780654477162275,
                    "e": 0.1131537701055721,
                    "t": 0.19318570227620432,
                    "v": 0.36260880784813937,
                    "d": 0.235569927509177,
                    "r": 0.5554861549964449
                }
            }
        ]
    },
    "TRAPPIST-1 g": {
        "pareto_front": [
            {
                "objectives": {
                    "score": 1.0118012271304975
                },
                "variables": {
                    "rho": 0.5572582934553396,
                    "nu": 0.06858687819057183,
                    "e": 0.457197915699002,
                    "t": 0.01138822329871609,
                    "v": 0.3907692692465988,
                    "d": 0.012254823374254407,
                    "r": 0.6293019524020371
                }
            }
        ]
    },
    "TRAPPIST-1 h": {
        "pareto_front": [
            {
                "objectives": {
                    "score": 0.96052400728818
                },
                "variables": {
                    "rho": 0.4278078779759364,
                    "nu": 0.3378574252562948,
                    "e": 0.1002390764532024,
                    "t": 0.12310341128199415,
                    "v": 0.3273290212364235,
                    "d": 0.17483356519900684,
                    "r": 0.47751605754547466
                }
            }
        ]
    }
}